http://img.8fkd.com/yy/201210/61990.jpg,砂塚秀夫/1_bing.jpg
http://ww2.sinaimg.cn/mw600/9dd62e17jw1dr5do2060bj.jpg,神田瀧夢/1_bing.jpg
http://r3.ykimg.com/050E000051CA5BA0675839144E06793B,砂塚秀夫/2_bing.jpg
http://www2q.biglobe.ne.jp/~y_tanaka/jac/photo/shingo_live3.jpg,砂川真吾/1_bing.jpg
http://g1.ykimg.com/051600005192FB08670C4A1ADC01598A,石橋蓮司/1_bing.jpg
http://entertainment.cjn.cn/xfb/201309/W020130922623062451650.jpg,石田太郎/1_bing.jpg
http://imgsrc.baidu.com/forum/w%3D580%3Bcp%3Dtieba%2C10%2C370%3Bap%3D%C8%D5%BE%E7%B0%C9%2C90%2C378/sign=3c8bb2ffd462853592e0d229a0d415b6/a7714936acaf2edd041781e48c1001e938019356.jpg,磯村健治/1_bing.jpg
http://pic.5442.com/2012/0904/07/08.jpg,石川梨華/1_bing.jpg
http://ww2.sinaimg.cn/mw600/9dd62e17jw1dr5do2060bj.jpg,神田瀧夢/1_bing.jpg
http://b.hiphotos.baidu.com/baike/w%3D268%3Bg%3D0/sign=07364971d309b3deebbfe36ef4840bbc/622762d0f703918ff194d3d3533d269759eec466.jpg,碓井将大/1_bing.jpg
http://www.sanspo.com/geino/images/20140109/oth14010905010002-p2.jpg,福井晶一/1_bing.jpg
http://ecx.images-amazon.com/images/I/51toeeP9vJL._SL500_SS100_.jpg,石立鉄男/1_bing.jpg
http://big5.ifeng.com/gate/big5/y3.ifengimg.com/ent_spider/dci_2012/02/2750dbeb3cffde5966f1e545aaf16e6c.jpg,神田正輝/1_bing.jpg
http://img1.mtime.cn/pi/d/2008/17/200842413847.82053387.jpg,神威乐斗/1_bing.jpg
http://www9.nhk.or.jp/dramatopics-blog/image/hanaan_cast04.jpg,石橋蓮司/2_bing.jpg
http://img3.douban.com/lpic/s7769865.jpg,石橋正次/1_bing.jpg
http://img5.douban.com/img/celebrity/medium/58947.jpg,石田法嗣/1_bing.jpg
http://a4.att.hudong.com/06/65/01300000255060122584657823123.jpg,石川梨華/2_bing.jpg
https://fbcdn-profile-a.akamaihd.net/hprofile-ak-ash2/t5/186540_100004199160782_1183249963_q.jpg,磯村健治/2_bing.jpg
http://image.ku6.com/starPic/33/60219.jpg,石田太郎/2_bing.jpg
http://a4.att.hudong.com/26/18/01300000951033129257184254080.jpg,石橋杏奈/1_bing.jpg
http://image.news.livedoor.com/newsimage/e/3/e3353c3aa28d83c7f404e14d44df50ca.JPG,石田純一/1_bing.jpg
http://img3.douban.com/mpic/s27181430.jpg,神田瀧夢/2_bing.jpg
http://img21.mtime.cn/ph/2012/01/04/162903.87602934.jpg,神保悟志/1_bing.jpg
http://pic.baike.soso.com/p/20131204/bki-20131204004523-340046420.jpg,石田惠理/1_bing.jpg
http://acg.78dm.net/ctimage/163335/ee30fc95caa93de9ffc3a82113b79296/600/2000/2,砂川啓介/1_bing.jpg
http://img5.douban.com/img/celebrity/large/e1asWvHLu0Acel_avatar_uploaded1368448488.47.jpg,碓井将大/2_bing.jpg
http://ww3.sinaimg.cn/large/80379b1agw1ef1lqu6xagj20gn0nsgnk.jpg,石田政博/1_bing.jpg
http://www.ikk-wed.jp/i/11/1/108/X2luZGV4aW1nYi5qcGc=/600/400/100/1/a3c65c2974270fd093ee8a9bf8ae7d0b.jpg,福井晶一/2_bing.jpg
http://img5.douban.com/lpic/s3669388.jpg,石立鉄男/2_bing.jpg
http://g4.ykimg.com/051600005192F7A0670C4A1AD8061586,石橋蓮司/3_bing.jpg
http://gb.cri.cn/mmsource/images/2005/03/09/ew050309034.jpg,神田正輝/2_bing.jpg
http://img5.douban.com/view/note/large/public/p10959808.jpg,石橋正次/2_bing.jpg
http://a0.att.hudong.com/66/01/01200000123405134442011472577_s.jpg,石田法嗣/2_bing.jpg
http://pic.5442.com/2012/0904/07/03.jpg,石川梨華/3_bing.jpg
http://pic2.52pk.com/files/130423/1283574_151745_1_lit.jpg,磯村健治/3_bing.jpg
http://himg2.huanqiu.com/attachment2010/2013/0923/20130923023701604.jpg,石田太郎/3_bing.jpg
http://ugc.qpic.cn/baikepic/42189/cut-20140731155433-1933711296.jpg/0,石桥莲司/1_bing.jpg
http://img21.mtime.cn/pi/2011/12/07/190829.17525533.jpg,石橋杏奈/2_bing.jpg
http://production.xypht.com/ios_photo/8bb697/mzl.pmnrhiyi.320x480-75.jpg,石田純一/2_bing.jpg
http://pic.baike.soso.com/p/20120418/20120418103844-860873182.jpg,神威乐斗/2_bing.jpg
http://news.xinhuanet.com/ent/2002-05/30/xin_2c3a1e0f588942799fce9a9eb6ae3431.jpg,石橋貴明/1_bing.jpg
http://www.sinaimg.cn/ent/m/p/2007-09-01/U2389P28T3D1698449F328DT20070901045328.jpg,石田惠理/2_bing.jpg
http://www.tribecagtz.jp/IMAGES/img07.jpg,神保悟志/2_bing.jpg
http://img.8fkd.com/yy/201210/47275.jpg,石野敦士/1_bing.jpg
http://img5.douban.com/view/note/large/public/p11016968.jpg,石橋雅史/1_bing.jpg
http://www2q.biglobe.ne.jp/~y_tanaka/jac/photo/shingo_live3.jpg,砂川真吾/1_bing.jpg
http://t1.niutuku.com/960/00/00-555683.jpg,石田未来/1_bing.jpg
http://www.mk8.com/uploads/info/269/0b7d05460764b27b87ef57b46782444c.jpg,石田政博/2_bing.jpg
http://blog.yimg.com/2/XCNZ5hx7s5.L74usBnvigj_1cDMAK8ZaZQYL3AJjMXKh9D.24XVyTA--/66/l/UionhKKfPP0K4wZjUXg4ew.jpg,石綿文太/1_bing.jpg
http://img5.douban.com/lpic/s2613656.jpg,石立鉄男/3_bing.jpg
http://g2.ykimg.com/11270F1F4651527793B0BA0123193C2FFFAB65-9CA3-6B77-2C8D-1C52B8C73DF9,石橋蓮司/4_bing.jpg
http://img5.douban.com/view/note/large/public/p10959809.jpg,石橋正次/3_bing.jpg
http://ww4.sinaimg.cn/large/60122559gw1e8n29z8kr1j20oh0xce6w.jpg,神田正輝/3_bing.jpg
http://www.qzw888.cn/tupian/2013-8-13-19/3864486306.jpg,石田法嗣/3_bing.jpg
http://g.hiphotos.baidu.com/baike/w%3D268/sign=1d7aefd19245d688a302b5a29cc37dab/72f082025aafa40f957ce83fab64034f79f0199d.jpg,石桥莲司/2_bing.jpg
http://pic.baike.soso.com/p/20120720/bki-20120720200541-1838430332.jpg,碓井将大/3_bing.jpg
http://img2.ph.126.net/cM9q41YSkTG46ihwg5hLeA==/6598164880238584490.jpg,磯村健治/4_bing.jpg
http://i3.umei.cc/img2012/0118/010Rika/umei_020.jpg,石川梨華/4_bing.jpg
http://a2.att.hudong.com/06/00/01300000633474135791008264848.jpg,神威乐斗/3_bing.jpg
http://kekkon-kosai-renai.com/wp-content/uploads/2013/07/4ccdd5b20a4b5c262fcf60b067276c1e.jpg,石田純一/3_bing.jpg
http://img1.mtime.com/up/323/100323/edfbfe9d-bf7f-4395-ad7b-18750fabbf13_500.jpg,石田惠理/3_bing.jpg
http://image5.poco.cn/mypoco/myphoto/20080104/20/4132014220080104203306093_001_640.jpg,石川紗彩/1_bing.jpg
http://www.tv-asahi.co.jp/onegai/up_rank/130108/img/img03_02.jpg,神保悟志/3_bing.jpg
http://img3.douban.com/view/note/large/public/p11016970.jpg,石橋雅史/2_bing.jpg
http://www.swim-g.net/intercollege/ic2007/img/suenaga01.jpg,石野敦士/2_bing.jpg
http://www.d-b.ne.jp/imado/B-17/muro_yu/muroiro.files/9.jpg,砂川真吾/2_bing.jpg
http://pic.baike.soso.com/p/20131203/bki-20131203231208-301040357.jpg,石田太郎/4_bing.jpg
http://pic.baike.soso.com/p/20130723/20130723114424-786758465.jpg,石橋杏奈/3_bing.jpg
http://www.mk8.com/uploads/info/269/1c572a5fa2d577c59df1bcb120cc2278.jpg,石田政博/3_bing.jpg
http://pic.baike.soso.com/p/20100130/bki-20100130123500-97892946.jpg,石橋貴明/2_bing.jpg
http://45.imagebam.com/download/kzG1oL72T2dNZCo9z8Peqg/18999/189987194/308.jpg,石田未来/2_bing.jpg
http://www.fooding.com.tw/images/ingredients_share/103727/s103727_1399826485.jpg,石綿文太/2_bing.jpg
http://g1.ykimg.com/051600005359B7F967379F50CB0058DE,石橋蓮司/5_bing.jpg
http://thumbnail.image.rakuten.co.jp/@0_mall/r-mediashop/cabinet/tana330/341-4562.jpg,石立鉄男/4_bing.jpg
http://hiphotos.baidu.com/xuxuxy/pic/item/9c17e9d5a4057668a18bb78d.jpg,神田正輝/4_bing.jpg
http://hiphotos.baidu.com/npair77/pic/item/aea04276a6a21850b151b948.jpg,石田法嗣/4_bing.jpg
http://www.dv998.com/upload/201347630729426.jpg,石橋正次/4_bing.jpg
http://img31.mtime.cn/ph/2013/02/16/090852.90930041.jpg,石桥莲司/3_bing.jpg
http://photo.yupoo.com/klucy/826557a3e2dd/medish.jpg,碓井将大/4_bing.jpg
http://www.pict01.maho.jp/user/0005/669/260/200805/58_2_35NH8LW0GY.jpg,磯村健治/5_bing.jpg
http://img1.mtime.cn/pi/d/2008/17/200842413945.84346101.jpg,神威乐斗/4_bing.jpg
http://a2.att.hudong.com/27/43/01200000030685136324437395836_140.jpg,神保悟志/4_bing.jpg
http://www.200dy.com/pic/uploadimg/2011-7/20117301653763865.jpg,石野敦士/3_bing.jpg
http://image.ku6.com/starPic/26/47337.jpg,石田惠理/4_bing.jpg
http://www.zenha.net/images/201206/1206170813373.jpg,石川梨華/5_bing.jpg
http://www.tanteifile.com/geinou/scoop_2010/09/26_01/image/01.jpg,石田純一/4_bing.jpg
http://img31.mtime.cn/ph/750/934750/934750.jpg,石田太郎/5_bing.jpg
http://www.80sjy.net/uploads/allimg/100628/1_100628110453_1.jpg,石橋貴明/3_bing.jpg
http://himg2.huanqiu.com/attachment2010/2012/1123/20121123084154215.jpg,石橋杏奈/4_bing.jpg
http://img5.douban.com/view/note/large/public/p11016969.jpg,石橋雅史/3_bing.jpg
http://www.mk8.com/uploads/info/thumb/269/e3d553abf8c7591560337b258d3b20fe.jpg,石田政博/4_bing.jpg
http://blog.yimg.com/2/XCNZ5hx7s5.L74usBnvigj_1cDMAK8ZaZQYL3AJjMXKh9D.24XVyTA--/70/l/sltQz_Rd1_DrW5GLv4B6vQ.jpg,石綿文太/3_bing.jpg
http://img5.douban.com/lpic/s24507119.jpg,神田正輝/5_bing.jpg
http://image1.webscache.com/baike/haibao/small/2010-08/202547710-121-2010-08-30%2011-41-34.jpg,石田法嗣/5_bing.jpg
http://img5.douban.com/view/note/large/public/p10959807.jpg,石橋正次/5_bing.jpg
http://www1.e-hon.ne.jp/images/syoseki/ac_r/64/30591264.jpg,砂川真吾/3_bing.jpg
http://www.taiwan.look.tw/ACT_SHARE_PIC/20120111202716551.jpg,石立鉄男/5_bing.jpg
http://g3.ykimg.com/051600005278723967583906B30643DD,石橋蓮司/6_bing.jpg
http://img.8fkd.com/yy/201210/61990.jpg,砂塚秀夫/1_bing.jpg
http://69.imagebam.com/download/aaosQ_jU4GoFo8i2a9cPPA/18999/189987189/211.jpg,石田未来/3_bing.jpg
http://res.mfs.ykimg.com/051400004ED1C85C979273291F07A486,石野敦士/4_bing.jpg
http://imgsrc.baidu.com/forum/w%3D580%3Bcp%3Dtieba%2C10%2C434%3Bap%3D%C8%D5%BE%E7%B0%C9%2C90%2C442/sign=76dd59ff7c1ed21b79c92eed9d55beb4/184572cf3bc79f3d09952c3dbba1cd11738b29c4.jpg,磯村健治/6_bing.jpg
http://img.upload.tom.com/data1/upload/864/143/1241782547-184803845117.jpg,神威乐斗/5_bing.jpg
http://i1.dpfile.com/groups/grouppic/2010-11-08/kuai_2235943_4989377_m.jpg,碓井将大/5_bing.jpg
http://g1.ykimg.com/05160000533B73B767379F17F703441E,石田太郎/6_bing.jpg
http://pic.5442.com/2012/0904/07/02.jpg,石川梨華/6_bing.jpg
http://blogs.c.yimg.jp/res/blog-8f-63/lightyellow_panther/folder/453518/78/12558278/img_1?1394476489,神田瀧夢/4_bing.jpg
http://www.offid.cn/upload/film/actor/200707/20070728031630.jpg,石田惠理/5_bing.jpg
http://www.ruifilm.cn/Public/Uploads/50c7efa92f43c.jpg,石橋杏奈/5_bing.jpg
http://img5.douban.com/view/note/large/public/p11016966.jpg,石橋雅史/4_bing.jpg
http://img21.mtime.cn/mg/2010/06/06/214150.93731609.jpg,神田正輝/6_bing.jpg
http://d.hiphotos.baidu.com/baike/w%3D268%3Bg%3D0/sign=37eeba5cd01b0ef46ce89f58e5ff36e7/37d3d539b6003af3a9ab2e12372ac65c1038b6ab.jpg,石橋正次/6_bing.jpg
http://image11.m1905.cn/uploadfile/2012/1128/thumb_1_192_262_20121128102213236.jpg,石田政博/5_bing.jpg
http://r3.ykimg.com/050E000051CA5BA0675839144E06793B,砂塚秀夫/2_bing.jpg
http://imgsrc.baidu.com/forum/w%3D580/sign=016398b2b64543a9f51bfac42e168a7b/2b2959e736d12f2e0b42e8264ec2d56284356872.jpg,石田太郎/7_bing.jpg
http://image.vmanhua.com/info/_puzSlOjF.jpg,磯村健治/7_bing.jpg
http://www.sinaimg.cn/ent/m/p/2007-09-01/U2389P28T3D1698449F326DT20070901045328.jpg,石田惠理/6_bing.jpg
http://img5.douban.com/lpic/s4109798.jpg,石橋雅史/5_bing.jpg
http://img3.douban.com/lpic/s8979185.jpg,神田瀧夢/5_bing.jpg
http://www.hideystudio.com/drama/images/13winter/otomesan/main.jpg,石田純一/5_bing.jpg
http://img3.douban.com/mpic/s6989077.jpg,石野敦士/5_bing.jpg
http://img.blog.163.com/photo/nsAmzg3n8F7oJqTuZ40jPw==/3964856521946712413.jpg,石川梨華/7_bing.jpg
http://auctions.c.yimg.jp/img237.auctions.yahoo.co.jp/users/6/1/4/4/ranzig05-img600x450-1385064940pzv8hz79975.jpg,石立鉄男/6_bing.jpg
http://img3.douban.com/img/celebrity/large/1812.jpg,神威乐斗/6_bing.jpg
http://blog.yimg.com/2/XCNZ5hx7s5.L74usBnvigj_1cDMAK8ZaZQYL3AJjMXKh9D.24XVyTA--/68/l/AV.GBrROktkkFYDwkHDIrQ.jpg,石綿文太/4_bing.jpg
http://image.club.china.com/twhb/3212956/2012/11/24/1353735578954_644.jpg,石橋杏奈/6_bing.jpg
http://userdisk.webry.biglobe.ne.jp/013/145/55/N000/000/000/P1000067.JPG,碓井将大/6_bing.jpg
http://hanyu.iciba.com/upload/encyclopedia_2/55/92/bk_5592095ed74bcb4efa94bf43591aa9d4_5A7k1m.jpg,石田太郎/8_bing.jpg
http://image11.m1905.cn/uploadfile/2013/0201/thumb_1_192_262_20130201100327707.jpg,石田政博/6_bing.jpg
http://imgsrc.baidu.com/forum/w%3D580%3Bcp%3Dtieba%2C10%2C254%3Bap%3D%C8%D5%BE%E7%B0%C9%2C90%2C262/sign=332303c7ae51f3dec3b2b96ca4d5936f/e879233fb80e7becfad2c8ec2e2eb9389b506b28.jpg,磯村健治/8_bing.jpg
http://www.kantsuu.com/mingxing/UploadFiles_7422/200807/20080706104921957.jpg,石野敦士/6_bing.jpg
http://img3.douban.com/view/note/large/public/p10959811.jpg,石橋正次/7_bing.jpg
http://production.xypht.com/ios_photo/8acfb0/mzl.cgcscswj.320x480-75.jpg,石田純一/6_bing.jpg
http://img1.mtime.cn/pi/d/2008/17/200842413847.40073823.jpg,神威乐斗/7_bing.jpg
http://img21.mtime.cn/CMS/News/2010/05/10/183434.26970121.jpg,碓井将大/7_bing.jpg
http://img31.mtime.cn/ph/533/1046533/1046533.jpg,石田惠理/7_bing.jpg
http://a3.att.hudong.com/37/18/01300000951033129257181314761.jpg,石橋杏奈/7_bing.jpg
http://img3.yxlady.com/yl/UploadFiles_5361/2013122/2013120211123383.jpg,石立鉄男/7_bing.jpg
http://www.dianmeng.com/daogou/tupian/004/1262231212694.jpg,福井晶一/4_bing.jpg
http://www.necoweb.com/neco/img/program/1211_kenkataro.jpg,砂塚秀夫/3_bing.jpg
http://blog.yimg.com/2/XCNZ5hx7s5.L74usBnvigj_1cDMAK8ZaZQYL3AJjMXKh9D.24XVyTA--/71/l/B48iC4qKnWpfsvo2.DUYnA.jpg,石綿文太/5_bing.jpg
http://i3.umei.cc/img2012/0118/010Rika/umei_063.jpg,石川梨華/8_bing.jpg
http://imgsrc.baidu.com/forum/w%3D580/sign=1ab4bf17f703918fd7d13dc2613c264b/d42a2834349b033b2226142d15ce36d3d439bd9f.jpg,磯村健治/9_bing.jpg
http://img5.douban.com/view/note/large/public/p11016968.jpg,石橋雅史/6_bing.jpg
http://www.200dy.com/pic/uploadimg/2011-8/2011811572773296.jpg,石野敦士/7_bing.jpg
http://pds.exblog.jp/pds/1/200804/11/14/a0089814_7252215.jpg,砂川真吾/4_bing.jpg
http://upload.wikimedia.org/wikipedia/zh/thumb/0/0b/Shojiro_Ishibashi.jpg/250px-Shojiro_Ishibashi.jpg,石橋正次/8_bing.jpg
http://app.boatrace.jp/race_info/grade/2011/html/13_20110524/01_3774_04.jpg,石田政博/7_bing.jpg
http://imgsrc.baidu.com/baike/pic/item/969cbf4463dfd3cbb3b7dc12.jpg,神威乐斗/8_bing.jpg
http://pic.baike.soso.com/p/20111227/20111227204027-324006398.jpg,石桥莲司/4_bing.jpg
http://up.gc-img.net/post_img_web/2013/04/c9507ff10991ae3edab3d025e6dd1fe9_0.jpeg,石田純一/7_bing.jpg
http://rietomosaka.100megs21.com/clips/1995/95_kindai/95_kindai_rp01/95_kindai_rp01_02.jpg,神田正輝/7_bing.jpg
http://i0.media.geilijiasu.com/s/8c/9e/8c9e705a362d503d3ba9519148021650.jpg,碓井将大/8_bing.jpg
http://image11.m1905.cn/uploadfile/2009/0820/thumb_1_192_262_200908201054536994325.jpg,石田惠理/8_bing.jpg
http://pic.baike.soso.com/p/20120906/20120906174824-946104412.jpg,石橋貴明/4_bing.jpg
http://a4.att.hudong.com/63/18/01300000951033129257186180235.jpg,石橋杏奈/8_bing.jpg
http://www.dzwww.com/xinwen/shehuixinwen/201204/W020120401381561883628.jpg,石言呓语/1_bing.jpg
http://img1.xilu.com/2013/1204/568a5d38bb48a37a025a8ea4831e0a8a.jpg,石立鉄男/8_bing.jpg
http://pic.baike.soso.com/p/20121001/bki-20121001014028-1217054577.jpg,石田未来/4_bing.jpg
http://img3.douban.com/mpic/s3467762.jpg,砂塚秀夫/4_bing.jpg
http://i3.umei.cc/img2012/0118/010Rika/umei_027.jpg,石川梨華/9_bing.jpg
http://117.img.pp.sohu.com/images/blog/2007/5/12/13/28/11316be08e2.jpg,石橋蓮司/7_bing.jpg
http://blog.yimg.com/2/XCNZ5hx7s5.L74usBnvigj_1cDMAK8ZaZQYL3AJjMXKh9D.24XVyTA--/67/l/UlU28CSNV2xINO2qxyv_kw.jpg,石綿文太/6_bing.jpg
http://www.senmaidb.cn/videoimg/v7.pfs/images/19/13/meinvgaoxiaoi56olo56i56.com_sc_141646463554hd_b.jpg,石田太郎/9_bing.jpg
http://img3.douban.com/view/note/large/public/p11016970.jpg,石橋雅史/7_bing.jpg
http://www.52088.cc/pic/uploadimg/2013-9/20139102184420520.jpg,石野敦士/8_bing.jpg
http://img5.douban.com/view/note/large/public/p10959819.jpg,石橋正次/9_bing.jpg
http://upload.cccnews.com.cn/2012/1210/1355124757707.jpg,石田政博/8_bing.jpg
http://meisha.cocolog-nifty.com/photos/uncategorized/2011/10/28/img_1332.jpg,砂川真吾/5_bing.jpg
http://img.upload.tom.com/data1/upload/904/175/1241782546-184803845116.jpg,神威乐斗/9_bing.jpg
http://taopian.com/images/upload/Image/137430907694702.jpg,石桥莲司/5_bing.jpg
http://www.12366cn.com/uploads/allimg/c101108/12Y1QV50Z-445N.jpg,碓井将大/9_bing.jpg
http://r3.ykimg.com/051400004F5172FD979273756B0A3804,石橋貴明/5_bing.jpg
http://star2.movie.chinayes.com/images/cover/19100_2.jpg,石田惠理/9_bing.jpg
http://p9.qhimg.com/dr/250_500_/t0163ce83942d0abe76.jpg,石橋杏奈/9_bing.jpg
http://www.takefoto.cn/wp-content/uploads/2013/09/36044_201309221534111T240.jpg,石言呓语/2_bing.jpg
http://nightshift.opal.ne.jp/jp5/zoom090204.jpg,石立鉄男/9_bing.jpg
http://t1.niutuku.com/960/00/00-555607.jpg,石田未来/5_bing.jpg
http://www.mycaregarden.jp/hanakomichi/work/shisetu/eiichi-3.gif,砂塚秀夫/5_bing.jpg
http://www.567ys.com/Upload/2014-05/5362909443126.jpg,石橋蓮司/8_bing.jpg
http://blog.yimg.com/2/XCNZ5hx7s5.L74usBnvigj_1cDMAK8ZaZQYL3AJjMXKh9D.24XVyTA--/79/l/euPfOR8898LyLLSsurcuvw.jpg,石綿文太/7_bing.jpg
http://img5.douban.com/view/note/large/public/p10959817.jpg,石橋正次/10_bing.jpg
http://i3.umei.cc/img2012/0118/010Rika/umei_065.jpg,石川梨華/10_bing.jpg
http://img5.douban.com/view/note/large/public/p11016969.jpg,石橋雅史/8_bing.jpg
http://www.ritsumei.ac.jp/acd/mr/lib/bkc/LSHP/picture/Shiotu.jpg,神田正輝/8_bing.jpg
http://www.tucao.cc/uploadfile/2012/1211/20121211104339125.jpg,石田政博/9_bing.jpg
http://p10.qhimg.com/t01cf4be572c3ab91b9.jpg,石田惠理/10_bing.jpg
http://www.youyl.com/uploadfile/2012/0229/20110712060144393.jpg,石桥莲司/6_bing.jpg
http://news.xinhuanet.com/food/2013-11/18/125718289_71n.jpg,石橋貴明/6_bing.jpg
http://auctions.c.yimg.jp/img235.auctions.yahoo.co.jp/users/3/7/4/4/az_sunday7-img337x600-1311792741ty2ykp49640.jpg,碓井将大/10_bing.jpg
http://image11.m1905.cn/uploadfile/2012/0613/thumb_1_192_262_20120613091446589.jpg,神威乐斗/10_bing.jpg
http://img1.qq.com/comic/pics/3078/3078896.jpg,石野敦士/9_bing.jpg
http://ww3.sinaimg.cn/bmiddle/6250e764jw1e5j69oigelj20c80c7q4e.jpg,石言呓语/3_bing.jpg
http://img004.hc360.cn/g3/M01/35/06/wKhQvFHT3yyESDvvAAAAAMVmg0E364.jpg,砂川真吾/6_bing.jpg
http://img3.douban.com/lpic/s3467762.jpg,砂塚秀夫/6_bing.jpg
http://www.chi-chan.net/drama/stewardess/01/0108.jpg,石立鉄男/10_bing.jpg
http://www.sanspo.com/geino/images/100117/gnj1001170505006-p1.jpg,石橋蓮司/9_bing.jpg
http://img844.ph.126.net/DR25DesceJGd0RrFKnaaoQ==/1888978568707065079.jpg,石綿文太/8_bing.jpg
http://t1.niutuku.com/960/00/00-555649.jpg,石田未来/6_bing.jpg
http://www.acwind.net/icdb/sy_images/sy_938.jpg,石田太郎/10_bing.jpg
http://img5.douban.com/view/note/large/public/p10959818.jpg,石橋正次/11_bing.jpg
http://img5.douban.com/view/note/large/public/p11016966.jpg,石橋雅史/9_bing.jpg
http://images.gamme.com.tw/news/2013/01/5/qJmToaaWkKOVp6Y.jpg,神田正輝/9_bing.jpg
http://imgsrc.baidu.com/baike/pic/item/b94f65ec0a223b822e2e213d.jpg,碓井将大/11_bing.jpg
http://mktabi.cocolog-nifty.com/photos/uncategorized/2010/02/20/img_0039_small.jpg,砂川真吾/7_bing.jpg
http://www.chi-chan.net/drama/stewardess/01/0106.jpg,石立鉄男/11_bing.jpg
http://img31.mtime.cn/ph/2014/02/22/214602.70216417_290X440X4.jpg,石田未来/7_bing.jpg
http://pic.5442.com/2012/0904/06/38.jpg,石川梨華/11_bing.jpg
http://img3.douban.com/lpic/s8985355.jpg,神田正輝/10_bing.jpg
http://img5.douban.com/lpic/s4109798.jpg,石橋雅史/10_bing.jpg
http://image11.m1905.cn/uploadfile/2011/0809/20110809013037516.jpg,石桥莲司/7_bing.jpg
http://ugc.qpic.cn/baikepic2/8098/cut-20141014163310-1843033273.jpg/0,石橋杏奈/10_bing.jpg
http://www.srworld.net/HUOXING/members/555/face/pic037.jpg,石田太郎/11_bing.jpg
http://www.sanspo.com/geino/images/100212/gnj1002120508011-p2.jpg,碓井将大/12_bing.jpg
http://img5.douban.com/view/note/large/public/p10959816.jpg,石橋正次/12_bing.jpg
http://blog.yimg.com/2/XCNZ5hx7s5.L74usBnvigj_1cDMAK8ZaZQYL3AJjMXKh9D.24XVyTA--/69/l/UINUT8gcuAq9nM1drworUA.jpg,石綿文太/9_bing.jpg
http://img170.poco.cn/mypoco/myphoto/20120703/11/5526957720120703115214086.jpg,石田純一/8_bing.jpg
http://www.pri.kyoto-u.ac.jp/press/20071112/1.jpg,石野敦士/10_bing.jpg
http://img2.ph.126.net/45ytY_PiPAJyr5Ns8X_opQ==/6597350142123606308.jpg,石橋蓮司/10_bing.jpg
http://www.leo83.cn/pp/12011910563088.jpg,石橋貴明/7_bing.jpg
http://img.upload.tom.com/data1/upload/144/303/1241782541-184803845110.jpg,神威乐斗/11_bing.jpg
http://upload.wikimedia.org/wikipedia/zh/thumb/c/cd/%E6%AE%BA%E4%BA%BA%E7%8B%82%E6%99%82%E4%BB%A3.jpg/220px-%E6%AE%BA%E4%BA%BA%E7%8B%82%E6%99%82%E4%BB%A3.jpg,砂塚秀夫/7_bing.jpg
http://hdimages.takungpao.com/2013/0922/20130922101956191.jpg,石言呓语/4_bing.jpg
http://pic.baike.soso.com/p/20090101/ext-20090101120000-106240.jpg,石田惠理/11_bing.jpg
http://nightshift.opal.ne.jp/jp5/warai090204.jpg,石立鉄男/12_bing.jpg
http://f.hatena.ne.jp/images/fotolife/m/minakochan-20/20101015/20101015201844.jpg,石田未来/8_bing.jpg
http://www.junshi163.com/meitu/uploads/allimg/130529/14004WD9-0.jpg,石川梨華/12_bing.jpg
http://app.boatrace.jp/race_info/grade/2011/html/13_20110524/01_3774_01.jpg,石田政博/10_bing.jpg
http://www.tianshui.com.cn/news/uploadfile/2004919122549363.jpg,神田正輝/11_bing.jpg
http://img27.pplive.cn/2008/03/09/20463460813_230X306.jpg,石桥莲司/8_bing.jpg
http://imgsrc.baidu.com/forum/w%3D580%3Bcp%3Dtieba%2C10%2C404%3Bap%3D%C8%D5%BE%E7%B0%C9%2C90%2C412/sign=d7808e26700e0cf3a0f74ef33a7d916f/40f7a2ec08fa513d61454fea3f6d55fbb3fbd98b.jpg,石田太郎/12_bing.jpg
http://himg2.huanqiu.com/attachment2010/2012/1123/20121123084157367.jpg,石橋杏奈/11_bing.jpg
http://okepi.jp/kangeki/2012/04/ie/DSC_4547.JPG,碓井将大/13_bing.jpg
http://img.8fkd.com/dy/20131/51592.jpg,石野敦士/11_bing.jpg
http://blog.yimg.com/2/XCNZ5hx7s5.L74usBnvigj_1cDMAK8ZaZQYL3AJjMXKh9D.24XVyTA--/81/l/oF60EZAPd8Q36jCq8tDm4A.jpg,石綿文太/10_bing.jpg
http://i2.w.yun.hjfile.cn/doc/201212/cb67afcb7e064c038f576d27f4a542a7.jpg,石田純一/9_bing.jpg
http://news.nen.com.cn/imagelist/12/12/w536a3oh2gx0.jpg,石橋貴明/8_bing.jpg
http://img3.douban.com/view/note/large/public/p10959805.jpg,石橋正次/13_bing.jpg
http://img3.douban.com/spic/s3485422.jpg,石橋蓮司/11_bing.jpg
http://ww2.sinaimg.cn/mw600/9dd62e17jw1dr5do2060bj.jpg,神田瀧夢/8_bing.jpg
http://ent.cnr.cn/tv/201309/W020130922635018818916.jpg,石言呓语/5_bing.jpg
http://www.chi-chan.net/drama/stewardess/01/0109.jpg,石立鉄男/13_bing.jpg
http://image.xinmin.cn/2013/10/14/20131014172121372537.jpg,石田惠理/12_bing.jpg
http://image2.sina.com.cn/ent/s/j/2004-02-05/U92P28T3D292910F359DT20040205165034.jpg,石田未来/9_bing.jpg
http://www.ybs.jp/tv/egao/images/16_ph04.gif,砂塚秀夫/8_bing.jpg
http://img5.douban.com/view/note/large/public/p11016968.jpg,石橋雅史/11_bing.jpg
http://image14-c.poco.cn/mypoco/qing/20130622/07/7112656585708984200_968x1280_120.jpg,石川梨華/13_bing.jpg
http://shirohigekurohige.blog.eonet.jp/photos/uncategorized/2008/10/30/cast04.jpg,石桥莲司/9_bing.jpg
http://app.boatrace.jp/profile/43/4352.jpg,石田政博/11_bing.jpg
http://img3.douban.com/img/celebrity/large/1367123482.52.jpg,石橋杏奈/12_bing.jpg
http://www3.plala.or.jp/koueisekizai/sachiko-1.JPG,石野敦士/12_bing.jpg
http://images.gamme.com.tw/news/2010/11/1120-dboy-3.jpg,碓井将大/14_bing.jpg
http://auctions.c.yimg.jp/img315.auctions.yahoo.co.jp/users/5/6/5/9/pontaronosuke73-img450x600-12481720916eivrm48501.jpg,石田純一/10_bing.jpg
http://img13.bimg.126.net/photo/Q5rz7I28IQ9WrCg9fnE5Ew==/4516828951277205002.jpg,石綿文太/11_bing.jpg
http://photocdn.sohu.com/20130626/Img379873310.jpg,石橋貴明/9_bing.jpg
http://img5.douban.com/lpic/s4117177.jpg,石橋正次/14_bing.jpg
